{
  "hash": "5e3c684e",
  "configHash": "7df3455e",
  "lockfileHash": "a675d031",
  "browserHash": "7c9bc5f4",
  "optimized": {
    "@angular/common": {
      "src": "../../../../../node_modules/@angular/common/fesm2022/common.mjs",
      "file": "@angular_common.js",
      "fileHash": "32f18f4d",
      "needsInterop": false
    },
    "@angular/common/http": {
      "src": "../../../../../node_modules/@angular/common/fesm2022/http.mjs",
      "file": "@angular_common_http.js",
      "fileHash": "23822d72",
      "needsInterop": false
    },
    "@angular/core": {
      "src": "../../../../../node_modules/@angular/core/fesm2022/core.mjs",
      "file": "@angular_core.js",
      "fileHash": "8d49b9f1",
      "needsInterop": false
    },
    "@angular/forms": {
      "src": "../../../../../node_modules/@angular/forms/fesm2022/forms.mjs",
      "file": "@angular_forms.js",
      "fileHash": "92c30876",
      "needsInterop": false
    },
    "@angular/platform-browser": {
      "src": "../../../../../node_modules/@angular/platform-browser/fesm2022/platform-browser.mjs",
      "file": "@angular_platform-browser.js",
      "fileHash": "45bdc6b5",
      "needsInterop": false
    },
    "@angular/platform-browser/animations": {
      "src": "../../../../../node_modules/@angular/platform-browser/fesm2022/animations.mjs",
      "file": "@angular_platform-browser_animations.js",
      "fileHash": "7131b3b5",
      "needsInterop": false
    },
    "@angular/router": {
      "src": "../../../../../node_modules/@angular/router/fesm2022/router.mjs",
      "file": "@angular_router.js",
      "fileHash": "a7a8a2ee",
      "needsInterop": false
    },
    "ngx-toastr": {
      "src": "../../../../../../../../node_modules/ngx-toastr/fesm2022/ngx-toastr.mjs",
      "file": "ngx-toastr.js",
      "fileHash": "b82c4dde",
      "needsInterop": false
    }
  },
  "chunks": {
    "chunk-2NFEENLY": {
      "file": "chunk-2NFEENLY.js"
    },
    "chunk-ES3LES7F": {
      "file": "chunk-ES3LES7F.js"
    },
    "chunk-V2QZAC5Z": {
      "file": "chunk-V2QZAC5Z.js"
    },
    "chunk-K74NEBAL": {
      "file": "chunk-K74NEBAL.js"
    },
    "chunk-J4B6MK7R": {
      "file": "chunk-J4B6MK7R.js"
    }
  }
}